hamming_loss,jaccard_score,subset_accuracy,f1_micro,f1_macro,f1_weighted,precision_micro,recall_micro
0.021957083881504334,0.3796972583889065,0.8726579866624325,0.8433656957928802,0.7537817364851591,0.8430422908512061,0.820528967254408,0.8675099866844208
