,f1,precision,recall,support
admiration,0.8,0.7353951890034365,0.8770491803278688,488.0
amusement,0.848585690515807,0.8557046979865772,0.8415841584158416,303.0
gratitude,0.9248554913294798,0.9580838323353293,0.8938547486033519,358.0
love,0.8391866913123844,0.7854671280276817,0.9007936507936508,252.0
pride,0.64,0.8,0.5333333333333333,15.0
relief,0.3333333333333333,0.6666666666666666,0.2222222222222222,18.0
remorse,0.8905109489051095,0.8840579710144928,0.8970588235294118,68.0
