{
  "hamming_loss": 0.021957083881504334,
  "jaccard_score": 0.3796972583889065,
  "f1_micro": 0.8433656957928802,
  "f1_macro": 0.7537817364851591,
  "f1_weighted": 0.8430422908512061,
  "f1_samples": 0.3857732613528103,
  "precision_micro": 0.820528967254408,
  "precision_macro": 0.8121964978620264,
  "precision_weighted": 0.8276957696348995,
  "precision_samples": 0.38631311527469037,
  "recall_micro": 0.8675099866844208,
  "recall_macro": 0.7379851596036687,
  "recall_weighted": 0.8675099866844208,
  "recall_samples": 0.3912882396527998,
  "per_label": {
    "admiration": {
      "f1": 0.8,
      "precision": 0.7353951890034365,
      "recall": 0.8770491803278688,
      "support": 488,
      "auc_pr": 0.8641461782221479,
      "auc_roc": 0.9702795694950129
    },
    "amusement": {
      "f1": 0.848585690515807,
      "precision": 0.8557046979865772,
      "recall": 0.8415841584158416,
      "support": 303,
      "auc_pr": 0.8881766550552455,
      "auc_roc": 0.9786672975097933
    },
    "gratitude": {
      "f1": 0.9248554913294798,
      "precision": 0.9580838323353293,
      "recall": 0.8938547486033519,
      "support": 358,
      "auc_pr": 0.9623125220426011,
      "auc_roc": 0.9910656559692067
    },
    "love": {
      "f1": 0.8391866913123844,
      "precision": 0.7854671280276817,
      "recall": 0.9007936507936508,
      "support": 252,
      "auc_pr": 0.8791690191621097,
      "auc_roc": 0.9815408386343837
    },
    "pride": {
      "f1": 0.64,
      "precision": 0.8,
      "recall": 0.5333333333333333,
      "support": 15,
      "auc_pr": 0.546425296472916,
      "auc_roc": 0.885832801531589
    },
    "relief": {
      "f1": 0.3333333333333333,
      "precision": 0.6666666666666666,
      "recall": 0.2222222222222222,
      "support": 18,
      "auc_pr": 0.25883245344425687,
      "auc_roc": 0.9128251534830902
    },
    "remorse": {
      "f1": 0.8905109489051095,
      "precision": 0.8840579710144928,
      "recall": 0.8970588235294118,
      "support": 68,
      "auc_pr": 0.9111085723128443,
      "auc_roc": 0.9793038929301029
    }
  },
  "subset_accuracy": 0.8726579866624325,
  "label_stats": {
    "avg_labels_per_sample": 0.0681395454339246,
    "label_frequencies": {
      "admiration": 0.1549698316926008,
      "amusement": 0.09622102254684027,
      "gratitude": 0.11368688472530962,
      "love": 0.08002540489044141,
      "pride": 0.00476341695776437,
      "relief": 0.0057161003493172435,
      "remorse": 0.021594156875198476
    },
    "total_samples": 3149
  }
}