hamming_loss,jaccard_score,f1_micro,f1_macro,f1_weighted,f1_samples,precision_micro,precision_macro,precision_weighted,precision_samples,recall_micro,recall_macro,recall_weighted,recall_samples,admiration_f1,admiration_precision,admiration_recall,admiration_support,admiration_auc_pr,admiration_auc_roc,amusement_f1,amusement_precision,amusement_recall,amusement_support,amusement_auc_pr,amusement_auc_roc,gratitude_f1,gratitude_precision,gratitude_recall,gratitude_support,gratitude_auc_pr,gratitude_auc_roc,love_f1,love_precision,love_recall,love_support,love_auc_pr,love_auc_roc,pride_f1,pride_precision,pride_recall,pride_support,pride_auc_pr,pride_auc_roc,relief_f1,relief_precision,relief_recall,relief_support,relief_auc_pr,relief_auc_roc,remorse_f1,remorse_precision,remorse_recall,remorse_support,remorse_auc_pr,remorse_auc_roc,subset_accuracy,avg_labels_per_sample,label_frequencies_admiration,label_frequencies_amusement,label_frequencies_gratitude,label_frequencies_love,label_frequencies_pride,label_frequencies_relief,label_frequencies_remorse,total_samples
0.021957083881504334,0.3796972583889065,0.8433656957928802,0.7537817364851591,0.8430422908512061,0.3857732613528103,0.820528967254408,0.8121964978620264,0.8276957696348995,0.38631311527469037,0.8675099866844208,0.7379851596036687,0.8675099866844208,0.3912882396527998,0.8,0.7353951890034365,0.8770491803278688,488,0.8641461782221479,0.9702795694950129,0.848585690515807,0.8557046979865772,0.8415841584158416,303,0.8881766550552455,0.9786672975097933,0.9248554913294798,0.9580838323353293,0.8938547486033519,358,0.9623125220426011,0.9910656559692067,0.8391866913123844,0.7854671280276817,0.9007936507936508,252,0.8791690191621097,0.9815408386343837,0.64,0.8,0.5333333333333333,15,0.546425296472916,0.885832801531589,0.3333333333333333,0.6666666666666666,0.2222222222222222,18,0.25883245344425687,0.9128251534830902,0.8905109489051095,0.8840579710144928,0.8970588235294118,68,0.9111085723128443,0.9793038929301029,0.8726579866624325,0.0681395454339246,0.1549698316926008,0.09622102254684027,0.11368688472530962,0.08002540489044141,0.00476341695776437,0.0057161003493172435,0.021594156875198476,3149
